{"images/2020010311352134879.png":["images/2020010311352134879.png"],"images/2020031618522830538.png":["images/2020031618522830538.png"],"images/2020060220525531988.png":["images/2020060220525531988.png"],"images/2020082817414588799.png":["images/2020082817414588799.png"],"images/2021010519290354247.png":["images/2021010519290354247.png"],"images/2021022415001674243.png":["images/2021022415001674243.png"],"images/2021080311592610976.png":["images/2021080311592610976.png"],"images/Character_Ganyu_Portrait.png":["images/Character_Ganyu_Portrait.png"],"images/Character_Raiden_Shogun_Portrait.png":["images/Character_Raiden_Shogun_Portrait.png"],"images/Icon_Circlet_of_Logos.png":["images/Icon_Circlet_of_Logos.png"],"images/Icon_Flower_of_Life.png":["images/Icon_Flower_of_Life.png"],"images/Icon_Goblet_of_Eonothem.png":["images/Icon_Goblet_of_Eonothem.png"],"images/Icon_Plume_of_Death.png":["images/Icon_Plume_of_Death.png"],"images/Icon_Sands_of_Eon.png":["images/Icon_Sands_of_Eon.png"],"images/Item_Gladiator_Nostalgia.png":["images/Item_Gladiator_Nostalgia.png"],"images/Item_Magnificent_Tsuba.png":["images/Item_Magnificent_Tsuba.png"],"images/Item_Maiden's_Distant_Love.png":["images/Item_Maiden's_Distant_Love.png"],"images/Item_Reminiscence_of_Shime.png":["images/Item_Reminiscence_of_Shime.png"],"images/Item_Royal_Flora.png":["images/Item_Royal_Flora.png"],"images/Item_Snowswept_Memory.png":["images/Item_Snowswept_Memory.png"],"images/Item_Thunderbird's_Mercy.png":["images/Item_Thunderbird's_Mercy.png"],"images/Item_Thundersoother's_Heart.png":["images/Item_Thundersoother's_Heart.png"],"images/Item_Troupes_Dawnlight.png":["images/Item_Troupes_Dawnlight.png"],"images/Item_Witch's_Flower_of_Blaze.png":["images/Item_Witch's_Flower_of_Blaze.png"],"images/ayaka.png":["images/ayaka.png"],"images/ayakalarge.png":["images/ayakalarge.png"],"images/ganyu.png":["images/ganyu.png"],"images/hutao.png":["images/hutao.png"],"images/raiden.png":["images/raiden.png"],"images/weapon/Weapon_Alley_Hunter.png":["images/weapon/Weapon_Alley_Hunter.png"],"images/weapon/Weapon_Amenoma_Kageuchi.png":["images/weapon/Weapon_Amenoma_Kageuchi.png"],"images/weapon/Weapon_Amos.png":["images/weapon/Weapon_Amos.png"],"images/weapon/Weapon_Blackcliff_Longsword.png":["images/weapon/Weapon_Blackcliff_Longsword.png"],"images/weapon/Weapon_Blackcliff_Warbow.png":["images/weapon/Weapon_Blackcliff_Warbow.png"],"images/weapon/Weapon_Compound_Bow.png":["images/weapon/Weapon_Compound_Bow.png"],"images/weapon/Weapon_Deathmatch.png":["images/weapon/Weapon_Deathmatch.png"],"images/weapon/Weapon_Dragons_Bane.png":["images/weapon/Weapon_Dragons_Bane.png"],"images/weapon/Weapon_Ebony_Bow.png":["images/weapon/Weapon_Ebony_Bow.png"],"images/weapon/Weapon_Elegy_for_the_End.png":["images/weapon/Weapon_Elegy_for_the_End.png"],"images/weapon/Weapon_Engulfing_Lightning.png":["images/weapon/Weapon_Engulfing_Lightning.png"],"images/weapon/Weapon_Favonius_Warbow.png":["images/weapon/Weapon_Favonius_Warbow.png"],"images/weapon/Weapon_Messenger.png":["images/weapon/Weapon_Messenger.png"],"images/weapon/Weapon_Mistsplitter_Reforged.png":["images/weapon/Weapon_Mistsplitter_Reforged.png"],"images/weapon/Weapon_Primordial_Jade_Cutter.png":["images/weapon/Weapon_Primordial_Jade_Cutter.png"],"images/weapon/Weapon_Primordial_Jade_Winged_Spear.png":["images/weapon/Weapon_Primordial_Jade_Winged_Spear.png"],"images/weapon/Weapon_Prototype_Crescent.png":["images/weapon/Weapon_Prototype_Crescent.png"],"images/weapon/Weapon_Raven_Bow.png":["images/weapon/Weapon_Raven_Bow.png"],"images/weapon/Weapon_Recurve_Bow.png":["images/weapon/Weapon_Recurve_Bow.png"],"images/weapon/Weapon_Royal_Bow.png":["images/weapon/Weapon_Royal_Bow.png"],"images/weapon/Weapon_Rust.png":["images/weapon/Weapon_Rust.png"],"images/weapon/Weapon_Sacrificial_Bow.png":["images/weapon/Weapon_Sacrificial_Bow.png"],"images/weapon/Weapon_Sharpshooter_Oath.png":["images/weapon/Weapon_Sharpshooter_Oath.png"],"images/weapon/Weapon_Skyward_Blade.png":["images/weapon/Weapon_Skyward_Blade.png"],"images/weapon/Weapon_Skyward_Harp.png":["images/weapon/Weapon_Skyward_Harp.png"],"images/weapon/Weapon_Skyward_Spine.png":["images/weapon/Weapon_Skyward_Spine.png"],"images/weapon/Weapon_Slingshot.png":["images/weapon/Weapon_Slingshot.png"],"images/weapon/Weapon_Staff_of_Homa.png":["images/weapon/Weapon_Staff_of_Homa.png"],"images/weapon/Weapon_The_Black_Sword.png":["images/weapon/Weapon_The_Black_Sword.png"],"images/weapon/Weapon_The_Catch.png":["images/weapon/Weapon_The_Catch.png"],"images/weapon/Weapon_The_Stringless.png":["images/weapon/Weapon_The_Stringless.png"],"images/weapon/Weapon_The_Viridescent_Hunt.png":["images/weapon/Weapon_The_Viridescent_Hunt.png"],"images/weapon/Weapon_Thundering_Pulse.png":["images/weapon/Weapon_Thundering_Pulse.png"],"images/weapon/Weapon_Windblume_Ode.png":["images/weapon/Weapon_Windblume_Ode.png"],"images/yoimiya.png":["images/yoimiya.png"],"images/yoimiyalarge.png":["images/yoimiyalarge.png"],"langs/en.json":["langs/en.json"],"langs/ja-JP.json":["langs/ja-JP.json"],"langs/zh-Hans.json":["langs/zh-Hans.json"],"packages/cupertino_icons/assets/CupertinoIcons.ttf":["packages/cupertino_icons/assets/CupertinoIcons.ttf"],"packages/easy_localization/i18n/ar-DZ.json":["packages/easy_localization/i18n/ar-DZ.json"],"packages/easy_localization/i18n/ar.json":["packages/easy_localization/i18n/ar.json"],"packages/easy_localization/i18n/en-US.json":["packages/easy_localization/i18n/en-US.json"],"packages/easy_localization/i18n/en.json":["packages/easy_localization/i18n/en.json"]}